Workbook

Sheet Tasks
A1: 601 | C1: Steel Design | D1: Design Code | E1: Design Code | H1: DESIGN | I1: STEEL | K1: DSTL | L1: =_xlfn.TEXTJOIN("/",TRUE,H1,I1,J1,K1) | N1: done | O1: done | P1: progress | S1: warning | T1: Done | V1: 기존변경필요 | X1: get, put 만 가능 (T_DSTL_D) | Z1: =IF(OR(K1="",K1="TABLE"),"", _xlfn.TEXTJOIN(", ",TRUE, IF(E1<>"",E1&K1,""), IF(F1<>"",F1&K1,""), IF(G1<>"",G1&K1,"") )) | AA1: =IF(K1="","",IF(K1="TABLE","",K1)) | AB1: =IF(ISNUMBER(SEARCH("기존변경필요",SUBSTITUTE(TRIM(V1),CHAR(10)," "))),"", IFERROR( _xlfn.XLOOKUP(AA1,'기존 end point'!B:B,'기존 end point'!B:B,,0), ""))
A2: Order | B2: Product | C2: Tab | D2: Group | E2: sub1 | F2: sub2 | G2: sub3 | H2: seg1 | I2: seg2 | J2: seg3 | K2: seg4 | L2: End Point | M2: mode | N2: Plan | O2: Dev | P2: V&V | Q2: doc | R2: Deploy | S2: Issue | T2: status | U2: charge | V2: remark | X2: 개발 비고
A3: 1 | B3: civil-nx/gen-nx | C3: View | D3: View | E3: View Point | F3: Rotate Up | H3: view | N3: done | O3: done | P3: done | Q3: done | R3: done | S3: done | T3: Done | Z3: =IF(OR(K3="",K3="TABLE"),"", _xlfn.TEXTJOIN(", ",TRUE, IF(E3<>"",E3&K3,""), IF(F3<>"",F3&K3,""), IF(G3<>"",G3&K3,"") )) | AA3: =IF(K3="","",IF(K3="TABLE","",K3)) | AB3: =IF(ISNUMBER(SEARCH("기존변경필요",SUBSTITUTE(TRIM(V3),CHAR(10)," "))),"", IFERROR( _xlfn.XLOOKUP(AA3,'기존 end point'!B:B,'기존 end point'!B:B,,0), ""))
A4: 2 | B4: civil-nx/gen-nx | C4: View | D4: View | E4: View Point | F4: Angle | H4: view | I4: angle | K4: =_xlfn.TEXTAFTER(L4,"/",-1) | L4: /view/angle | M4: Viewpoint | N4: done | O4: done | P4: done | Q4: done | R4: done | S4: done | T4: Done | Z4: =IF(OR(K4="",K4="TABLE"),"", _xlfn.TEXTJOIN(", ",TRUE, IF(E4<>"",E4&K4,""), IF(F4<>"",F4&K4,""), IF(G4<>"",G4&K4,"") )) | AA4: =IF(K4="","",IF(K4="TABLE","",K4)) | AB4: =IF(ISNUMBER(SEARCH("기존변경필요",SUBSTITUTE(TRIM(V4),CHAR(10)," "))),"", IFERROR( _xlfn.XLOOKUP(AA4,'기존 end point'!B:B,'기존 end point'!B:B,,0), ""))
A5: 3 | B5: civil-nx/gen-nx | C5: View | D5: View | E5: View Point | F5: Rotate Left | H5: view | T5: none | Z5: =IF(OR(K5="",K5="TABLE"),"", _xlfn.TEXTJOIN(", ",TRUE, IF(E5<>"",E5&K5,""), IF(F5<>"",F5&K5,""), IF(G5<>"",G5&K5,"") )) | AA5: =IF(K5="","",IF(K5="TABLE","",K5)) | AB5: =IF(ISNUMBER(SEARCH("기존변경필요",SUBSTITUTE(TRIM(V5),CHAR(10)," "))),"", IFERROR( _xlfn.XLOOKUP(AA5,'기존 end point'!B:B,'기존 end point'!B:B,,0), ""))
A6: 4 | B6: civil-nx/gen-nx | C6: View | D6: View | E6: View Point | F6: Rotate Right | H6: view | T6: none | Z6: =IF(OR(K6="",K6="TABLE"),"", _xlfn.TEXTJOIN(", ",TRUE, IF(E6<>"",E6&K6,""), IF(F6<>"",F6&K6,""), IF(G6<>"",G6&K6,"") )) | AA6: =IF(K6="","",IF(K6="TABLE","",K6)) | AB6: =IF(ISNUMBER(SEARCH("기존변경필요",SUBSTITUTE(TRIM(V6),CHAR(10)," "))),"", IFERROR( _xlfn.XLOOKUP(AA6,'기존 end point'!B:B,'기존 end point'!B:B,,0), ""))
A7: 5 | B7: civil-nx/gen-nx | C7: Project | D7: API | E7: New Project | H7: doc | I7: new | K7: =_xlfn.TEXTAFTER(L7,"/",-1) | L7: /doc/new | O7: done | P7: done | Q7: done | R7: done | S7: done | T7: none | Z7: =IF(OR(K7="",K7="TABLE"),"", _xlfn.TEXTJOIN(", ",TRUE, IF(E7<>"",E7&K7,""), IF(F7<>"",F7&K7,""), IF(G7<>"",G7&K7,"") )) | AA7: =IF(K7="","",IF(K7="TABLE","",K7)) | AB7: =IF(ISNUMBER(SEARCH("기존변경필요",SUBSTITUTE(TRIM(V7),CHAR(10)," "))),"", IFERROR( _xlfn.XLOOKUP(AA7,'기존 end point'!B:B,'기존 end point'!B:B,,0), ""))
A8: 6 | B8: civil-nx/gen-nx | C8: Project | D8: API | E8: Open Project | H8: doc | I8: open | K8: =_xlfn.TEXTAFTER(L8,"/",-1) | L8: /doc/open | N8: done | O8: done | P8: done | Q8: done | R8: done | S8: done | T8: Done | Z8: =IF(OR(K8="",K8="TABLE"),"", _xlfn.TEXTJOIN(", ",TRUE, IF(E8<>"",E8&K8,""), IF(F8<>"",F8&K8,""), IF(G8<>"",G8&K8,"") )) | AA8: =IF(K8="","",IF(K8="TABLE","",K8)) | AB8: =IF(ISNUMBER(SEARCH("기존변경필요",SUBSTITUTE(TRIM(V8),CHAR(10)," "))),"", IFERROR( _xlfn.XLOOKUP(AA8,'기존 end point'!B:B,'기존 end point'!B:B,,0), ""))
A9: 7 | B9: civil-nx/gen-nx | C9: Project | D9: API | E9: Close Project | H9: doc | I9: close | K9: =_xlfn.TEXTAFTER(L9,"/",-1) | L9: /doc/close | N9: done | O9: done | P9: done | Q9: done | R9: done | S9: done | T9: Done | Z9: =IF(OR(K9="",K9="TABLE"),"", _xlfn.TEXTJOIN(", ",TRUE, IF(E9<>"",E9&K9,""), IF(F9<>"",F9&K9,""), IF(G9<>"",G9&K9,"") )) | AA9: =IF(K9="","",IF(K9="TABLE","",K9)) | AB9: =IF(ISNUMBER(SEARCH("기존변경필요",SUBSTITUTE(TRIM(V9),CHAR(10)," "))),"", IFERROR( _xlfn.XLOOKUP(AA9,'기존 end point'!B:B,'기존 end point'!B:B,,0), ""))
C10: DOC | D10: DOC | E10: Save | H10: DOC | I10: SAVE | L10: /DOC/SAVE | V10: POST
A11: 8 | B11: civil-nx/gen-nx | C11: Project | D11: API | E11: Save As | L11: /doc/stagas | N11: done | O11: done | P11: done | Q11: done | R11: done | S11: done | T11: Done
A12: 9 | B12: civil-nx/gen-nx | C12: Project | D12: API | E12: Save Current Stage As | L12: /doc/import | N12: done | O12: done | P12: done | Q12: done | R12: done | S12: done | T12: Done
A13: 10 | B13: civil-nx/gen-nx | C13: Project | D13: API | E13: Import to Json | L13: /doc/importmxt | N13: done | O13: done | P13: done | Q13: done | R13: done | S13: done | T13: Done
A14: 11 | B14: civil-nx/gen-nx | C14: Project | D14: API | E14: Import to mct/mgt | L14: /doc/export | N14: done | O14: done | P14: done | Q14: done | R14: done | S14: done | T14: Done
A15: 12 | B15: civil-nx/gen-nx | C15: Project | D15: API | E15: Export to Json | L15: /doc/exportmxt | N15: done | O15: done | P15: done | Q15: done | R15: done | S15: done | T15: Done
A16: 13 | B16: civil-nx/gen-nx | C16: Project | D16: API | E16: Export to mct/mgt | T16: none
A17: 14 | B17: civil-nx/gen-nx | C17: Project | D17: Management | E17: Project Information | F17: - | G17: - | L17: db/pjcf | N17: done | O17: done | P17: done | Q17: done | R17: done | S17: done | T17: Done
A18: 15 | B18: civil-nx/gen-nx | C18: Project | D18: Management | E18: Preference | F18: - | G18: - | T18: none
A19: 16 | B19: civil-nx/gen-nx | C19: Project | D19: Management | E19: Project Status | F19: - | G19: - | L19: ope/projectstatus | N19: done | O19: done | P19: done | Q19: done | R19: done | S19: done | T19: Done
A20: 17 | B20: civil-nx/gen-nx | C20: Project | D20: Settings | E20: Unit System | F20: - | G20: - | L20: db/unit | N20: done | O20: done | P20: done | Q20: done | R20: done | S20: done | T20: Done
A21: 18 | B21: civil-nx/gen-nx | C21: Project | D21: Bill | E21: Bill of Material | F21: - | G21: - | T21: none
A22: 19 | B22: civil-nx/gen-nx | C22: Project | D22: API | E22: Material Color | L22: /db/co_m | N22: done | O22: done | P22: done | Q22: done | R22: done | S22: done | T22: Done
A23: 20 | B23: civil-nx/gen-nx | C23: Project | D23: API | E23: Section Color | L23: /db/co_s | N23: done | O23: done | P23: done | Q23: done | R23: done | S23: done | T23: Done
A24: 21 | B24: civil-nx/gen-nx | C24: Project | D24: API | E24: Thickness Color | L24: /db/co_t | N24: done | O24: done | P24: done | Q24: done | R24: done | S24: done | T24: Done
A25: 22 | B25: civil-nx/gen-nx | C25: Project | D25: API | E25: Floor Load Color | L25: /db/co_f | N25: done | O25: done | P25: done | Q25: done | R25: done | S25: done | T25: Done
A26: 23 | B26: civil-nx/gen-nx | C26: View | D26: View | E26: View | F26: Initial View | T26: none
A27: 24 | B27: civil-nx/gen-nx | C27: View | D27: View | E27: View | F27: Previous View | T27: none
A28: 25 | B28: civil-nx/gen-nx | C28: View | D28: View | E28: View Point | F28: Iso | T28: none
A29: 26 | B29: civil-nx/gen-nx | C29: View | D29: View | E29: View Point | F29: Left (-X) | T29: none
A30: 27 | B30: civil-nx/gen-nx | C30: View | D30: View | E30: View Point | F30: Right (+X) | T30: none
A31: 28 | B31: civil-nx/gen-nx | C31: View | D31: View | E31: View Point | F31: Front (-Y) | T31: none
A32: 29 | B32: civil-nx/gen-nx | C32: View | D32: View | E32: View Point | F32: Rear (+Y) | T32: none
A33: 30 | B33: civil-nx/gen-nx | C33: Node/Element | D33: Mesh | E33: Mesh | F33: Auto-mesh | T33: none
A34: 31 | B34: gen-nx | C34: Misc. | D34: Etc | E34: Imperfection | F34: Imperfection Data | T34: none
A35: 32 | B35: civil-nx/gen-nx | C35: View | D35: View | E35: View | F35: Redraw | H35: view | T35: none | Z35: =IF(OR(K34="",K34="TABLE"),"", _xlfn.TEXTJOIN(", ",TRUE, IF(E34<>"",E34&K34,""), IF(F34<>"",F34&K34,""), IF(G34<>"",G34&K34,"") )) | AA35: =IF(K34="","",IF(K34="TABLE","",K34)) | AB35: =IF(ISNUMBER(SEARCH("기존변경필요",SUBSTITUTE(TRIM(V34),CHAR(10)," "))),"", IFERROR( _xlfn.XLOOKUP(AA34,'기존 end point'!B:B,'기존 end point'!B:B,,0), ""))
A36: 33 | B36: civil-nx/gen-nx | C36: View | D36: View | E36: View Point | F36: Top (+Z) | H36: view | T36: none | Z36: =IF(OR(K35="",K35="TABLE"),"", _xlfn.TEXTJOIN(", ",TRUE, IF(E35<>"",E35&K35,""), IF(F35<>"",F35&K35,""), IF(G35<>"",G35&K35,"") )) | AA36: =IF(K35="","",IF(K35="TABLE","",K35)) | AB36: =IF(ISNUMBER(SEARCH("기존변경필요",SUBSTITUTE(TRIM(V35),CHAR(10)," "))),"", IFERROR( _xlfn.XLOOKUP(AA35,'기존 end point'!B:B,'기존 end point'!B:B,,0), ""))
A37: 34 | B37: civil-nx/gen-nx | C37: View | D37: View | E37: View Point | F37: Bottom (-Z) | H37: view | T37: none | Z37: =IF(OR(K36="",K36="TABLE"),"", _xlfn.TEXTJOIN(", ",TRUE, IF(E36<>"",E36&K36,""), IF(F36<>"",F36&K36,""), IF(G36<>"",G36&K36,"") )) | AA37: =IF(K36="","",IF(K36="TABLE","",K36)) | AB37: =IF(ISNUMBER(SEARCH("기존변경필요",SUBSTITUTE(TRIM(V36),CHAR(10)," "))),"", IFERROR( _xlfn.XLOOKUP(AA36,'기존 end point'!B:B,'기존 end point'!B:B,,0), ""))
A38: 35 | B38: civil-nx/gen-nx | C38: View | D38: View | E38: View Point | F38: Rotate Down | H38: view | T38: none | Z38: =IF(OR(K37="",K37="TABLE"),"", _xlfn.TEXTJOIN(", ",TRUE, IF(E37<>"",E37&K37,""), IF(F37<>"",F37&K37,""), IF(G37<>"",G37&K37,"") )) | AA38: =IF(K37="","",IF(K37="TABLE","",K37)) | AB38: =IF(ISNUMBER(SEARCH("기존변경필요",SUBSTITUTE(TRIM(V37),CHAR(10)," "))),"", IFERROR( _xlfn.XLOOKUP(AA37,'기존 end point'!B:B,'기존 end point'!B:B,,0), ""))
A39: 36 | B39: civil-nx/gen-nx | C39: View | D39: View | E39: Pan | F39: Pan | H39: view | T39: none | Z39: =IF(OR(K38="",K38="TABLE"),"", _xlfn.TEXTJOIN(", ",TRUE, IF(E38<>"",E38&K38,""), IF(F38<>"",F38&K38,""), IF(G38<>"",G38&K38,"") )) | AA39: =IF(K38="","",IF(K38="TABLE","",K38)) | AB39: =IF(ISNUMBER(SEARCH("기존변경필요",SUBSTITUTE(TRIM(V38),CHAR(10)," "))),"", IFERROR( _xlfn.XLOOKUP(AA38,'기존 end point'!B:B,'기존 end point'!B:B,,0), ""))
A40: 37 | B40: civil-nx/gen-nx | C40: View | D40: View | E40: Pan | F40: Left | H40: view | T40: none | Z40: =IF(OR(K39="",K39="TABLE"),"", _xlfn.TEXTJOIN(", ",TRUE, IF(E39<>"",E39&K39,""), IF(F39<>"",F39&K39,""), IF(G39<>"",G39&K39,"") )) | AA40: =IF(K39="","",IF(K39="TABLE","",K39)) | AB40: =IF(ISNUMBER(SEARCH("기존변경필요",SUBSTITUTE(TRIM(V39),CHAR(10)," "))),"", IFERROR( _xlfn.XLOOKUP(AA39,'기존 end point'!B:B,'기존 end point'!B:B,,0), ""))
A41: 38 | B41: civil-nx/gen-nx | C41: View | D41: View | E41: Pan | F41: Right | H41: view | T41: none | Z41: =IF(OR(K40="",K40="TABLE"),"", _xlfn.TEXTJOIN(", ",TRUE, IF(E40<>"",E40&K40,""), IF(F40<>"",F40&K40,""), IF(G40<>"",G40&K40,"") )) | AA41: =IF(K40="","",IF(K40="TABLE","",K40)) | AB41: =IF(ISNUMBER(SEARCH("기존변경필요",SUBSTITUTE(TRIM(V40),CHAR(10)," "))),"", IFERROR( _xlfn.XLOOKUP(AA40,'기존 end point'!B:B,'기존 end point'!B:B,,0), ""))
A42: 39 | B42: civil-nx/gen-nx | C42: View | D42: View | E42: Pan | F42: Up | H42: view | T42: none | Z42: =IF(OR(K41="",K41="TABLE"),"", _xlfn.TEXTJOIN(", ",TRUE, IF(E41<>"",E41&K41,""), IF(F41<>"",F41&K41,""), IF(G41<>"",G41&K41,"") )) | AA42: =IF(K41="","",IF(K41="TABLE","",K41)) | AB42: =IF(ISNUMBER(SEARCH("기존변경필요",SUBSTITUTE(TRIM(V41),CHAR(10)," "))),"", IFERROR( _xlfn.XLOOKUP(AA41,'기존 end point'!B:B,'기존 end point'!B:B,,0), ""))
A43: 40 | B43: civil-nx/gen-nx | C43: View | D43: View | E43: Pan | F43: Down | H43: view | T43: none | Z43: =IF(OR(K42="",K42="TABLE"),"", _xlfn.TEXTJOIN(", ",TRUE, IF(E42<>"",E42&K42,""), IF(F42<>"",F42&K42,""), IF(G42<>"",G42&K42,"") )) | AA43: =IF(K42="","",IF(K42="TABLE","",K42)) | AB43: =IF(ISNUMBER(SEARCH("기존변경필요",SUBSTITUTE(TRIM(V42),CHAR(10)," "))),"", IFERROR( _xlfn.XLOOKUP(AA42,'기존 end point'!B:B,'기존 end point'!B:B,,0), ""))
A44: 41 | B44: civil-nx/gen-nx | C44: View | D44: View | E44: Zoom | F44: Zoom | H44: view | T44: none | Z44: =IF(OR(K43="",K43="TABLE"),"", _xlfn.TEXTJOIN(", ",TRUE, IF(E43<>"",E43&K43,""), IF(F43<>"",F43&K43,""), IF(G43<>"",G43&K43,"") )) | AA44: =IF(K43="","",IF(K43="TABLE","",K43)) | AB44: =IF(ISNUMBER(SEARCH("기존변경필요",SUBSTITUTE(TRIM(V43),CHAR(10)," "))),"", IFERROR( _xlfn.XLOOKUP(AA43,'기존 end point'!B:B,'기존 end point'!B:B,,0), ""))
A45: 42 | B45: civil-nx/gen-nx | C45: View | D45: View | E45: Zoom | F45: Fit | H45: view | T45: none | Z45: =IF(OR(K44="",K44="TABLE"),"", _xlfn.TEXTJOIN(", ",TRUE, IF(E44<>"",E44&K44,""), IF(F44<>"",F44&K44,""), IF(G44<>"",G44&K44,"") )) | AA45: =IF(K44="","",IF(K44="TABLE","",K44)) | AB45: =IF(ISNUMBER(SEARCH("기존변경필요",SUBSTITUTE(TRIM(V44),CHAR(10)," "))),"", IFERROR( _xlfn.XLOOKUP(AA44,'기존 end point'!B:B,'기존 end point'!B:B,,0), ""))
A46: 43 | B46: civil-nx/gen-nx | C46: View | D46: View | E46: Zoom | F46: Window | H46: view | T46: none | Z46: =IF(OR(K45="",K45="TABLE"),"", _xlfn.TEXTJOIN(", ",TRUE, IF(E45<>"",E45&K45,""), IF(F45<>"",F45&K45,""), IF(G45<>"",G45&K45,"") )) | AA46: =IF(K45="","",IF(K45="TABLE","",K45)) | AB46: =IF(ISNUMBER(SEARCH("기존변경필요",SUBSTITUTE(TRIM(V45),CHAR(10)," "))),"", IFERROR( _xlfn.XLOOKUP(AA45,'기존 end point'!B:B,'기존 end point'!B:B,,0), ""))
... A49: 46 | B49: civil-nx/gen-nx | C49: View | D49: View | E49: Zoom | F49: Auto Fitting | H49: view | T49: none | Z49: =IF(OR(K48="",K48="TABLE"),"", _xlfn.TEXTJOIN(", ",TRUE, IF(E48<>"",E48&K48,""), IF(F48<>"",F48&K48,""), IF(G48<>"",G48&K48,"") )) | AA49: =IF(K48="","",IF(K48="TABLE","",K48)) | AB49: =IF(ISNUMBER(SEARCH("기존변경필요",SUBSTITUTE(TRIM(V48),CHAR(10)," "))),"", IFERROR( _xlfn.XLOOKUP(AA48,'기존 end point'!B:B,'기존 end point'!B:B,,0), ""))
A50: 47 | B50: civil-nx/gen-nx | C50: View | D50: View | E50: Rotate | H50: view | T50: none | Z50: =IF(OR(K49="",K49="TABLE"),"", _xlfn.TEXTJOIN(", ",TRUE, IF(E49<>"",E49&K49,""), IF(F49<>"",F49&K49,""), IF(G49<>"",G49&K49,"") )) | AA50: =IF(K49="","",IF(K49="TABLE","",K49)) | AB50: =IF(ISNUMBER(SEARCH("기존변경필요",SUBSTITUTE(TRIM(V49),CHAR(10)," "))),"", IFERROR( _xlfn.XLOOKUP(AA49,'기존 end point'!B:B,'기존 end point'!B:B,,0), ""))
A51: 48 | B51: civil-nx/gen-nx | C51: View | D51: View | E51: Named | F51: Named View | H51: view | T51: none | Z51: =IF(OR(K50="",K50="TABLE"),"", _xlfn.TEXTJOIN(", ",TRUE, IF(E50<>"",E50&K50,""), IF(F50<>"",F50&K50,""), IF(G50<>"",G50&K50,"") )) | AA51: =IF(K50="","",IF(K50="TABLE","",K50)) | AB51: =IF(ISNUMBER(SEARCH("기존변경필요",SUBSTITUTE(TRIM(V50),CHAR(10)," "))),"", IFERROR( _xlfn.XLOOKUP(AA50,'기존 end point'!B:B,'기존 end point'!B:B,,0), ""))
A52: 49 | B52: civil-nx/gen-nx | C52: View | D52: View | E52: Named | F52: Named Plane | H52: db | I52: npln | K52: =_xlfn.TEXTAFTER(L51,"/",-1) | L52: /db/npln | M52: Named Plane | N52: done | O52: done | P52: done | Q52: done | R52: done | S52: done | T52: Done | Z52: =IF(OR(K51="",K51="TABLE"),"", _xlfn.TEXTJOIN(", ",TRUE, IF(E51<>"",E51&K51,""), IF(F51<>"",F51&K51,""), IF(G51<>"",G51&K51,"") )) | AA52: =IF(K51="","",IF(K51="TABLE","",K51)) | AB52: =IF(ISNUMBER(SEARCH("기존변경필요",SUBSTITUTE(TRIM(V51),CHAR(10)," "))),"", IFERROR( _xlfn.XLOOKUP(AA51,'기존 end point'!B:B,'기존 end point'!B:B,,0), ""))
A53: 50 | B53: civil-nx/gen-nx | C53: View | D53: View | E53: Capture | F53: Capture | H53: view | I53: capture | K53: =_xlfn.TEXTAFTER(L52,"/",-1) | L53: /view/capture | M53: Capture | N53: done | O53: done | P53: done | Q53: done | R53: done | S53: done | T53: Done | Z53: =IF(OR(K52="",K52="TABLE"),"", _xlfn.TEXTJOIN(", ",TRUE, IF(E52<>"",E52&K52,""), IF(F52<>"",F52&K52,""), IF(G52<>"",G52&K52,"") )) | AA53: =IF(K52="","",IF(K52="TABLE","",K52)) | AB53: =IF(ISNUMBER(SEARCH("기존변경필요",SUBSTITUTE(TRIM(V52),CHAR(10)," "))),"", IFERROR( _xlfn.XLOOKUP(AA52,'기존 end point'!B:B,'기존 end point'!B:B,,0), ""))
C54: VIEW | D54: VIEW | E54: Dialog Capture | H54: VIEW | I54: PRECAPTURE | L54: /VIEW/PRECAPTURE | V54: POST
A55: 51 | B55: civil-nx/gen-nx | C55: View | D55: View | E55: Capture | F55: Capture Option | T55: none | Z55: =IF(OR(K53="",K53="TABLE"),"", _xlfn.TEXTJOIN(", ",TRUE, IF(E53<>"",E53&K53,""), IF(F53<>"",F53&K53,""), IF(G53<>"",G53&K53,"") )) | AA55: =IF(K53="","",IF(K53="TABLE","",K53)) | AB55: =IF(ISNUMBER(SEARCH("기존변경필요",SUBSTITUTE(TRIM(V53),CHAR(10)," "))),"", IFERROR( _xlfn.XLOOKUP(AA53,'기존 end point'!B:B,'기존 end point'!B:B,,0), ""))
A56: 52 | B56: civil-nx/gen-nx | C56: View | D56: View | E56: View Options for C.S. | T56: none | Z56: =IF(OR(K54="",K54="TABLE"),"", _xlfn.TEXTJOIN(", ",TRUE, IF(E54<>"",E54&K54,""), IF(F54<>"",F54&K54,""), IF(G54<>"",G54&K54,"") )) | AA56: =IF(K54="","",IF(K54="TABLE","",K54)) | AB56: =IF(ISNUMBER(SEARCH("기존변경필요",SUBSTITUTE(TRIM(V54),CHAR(10)," "))),"", IFERROR( _xlfn.XLOOKUP(AA54,'기존 end point'!B:B,'기존 end point'!B:B,,0), ""))
A57: 53 | B57: civil-nx/gen-nx | C57: View | D57: View | E57: Display | F57: Display | H57: view | I57: display | K57: =_xlfn.TEXTAFTER(L55,"/",-1) | L57: /view/display | M57: Display | N57: done | O57: done | P57: done | Q57: done | R57: done | S57: done | T57: Done | Z57: =IF(OR(K55="",K55="TABLE"),"", _xlfn.TEXTJOIN(", ",TRUE, IF(E55<>"",E55&K55,""), IF(F55<>"",F55&K55,""), IF(G55<>"",G55&K55,"") )) | AA57: =IF(K55="","",IF(K55="TABLE","",K55)) | AB57: =IF(ISNUMBER(SEARCH("기존변경필요",SUBSTITUTE(TRIM(V55),CHAR(10)," "))),"", IFERROR( _xlfn.XLOOKUP(AA55,'기존 end point'!B:B,'기존 end point'!B:B,,0), ""))
C58: VIEW | D58: VIEW | E58: Crack Ratio - Heat of Hydration Display | H58: VIEW | I58: RESULTGRAPHIC | L58: /VIEW/RESULTGRAPHIC | V58: POST
C59: POST | D59: POST | H59: POST | I59: ANL | L59: /POST/ANL | V59: POST
C60: POST | D60: POST | E60: P-M Interaction Diagram | H60: POST | I60: PM | L60: /POST/PM | V60: POST
C61: POST | D61: POST | E61: Steel Code Check | H61: POST | I61: STEELCODECHECK | L61: /POST/STEELCODECHECK | V61: POST
C62: POST | D62: POST | H62: POST | I62: CHART | L62: /POST/CHART | V62: POST
C63: POST | D63: POST | H63: POST | I63: RCBEAMCHKRATIO | L63: /POST/RCBEAMCHKRATIO | V63: POST
C64: POST | D64: POST | H64: POST | I64: RCWALLDGNRATIO | L64: /POST/RCWALLDGNRATIO | V64: POST
C65: POST | D65: POST | E65: Designing with Intent: The Vision Behind POST/TABLE | H65: POST | I65: TABLE | L65: /POST/TABLE | M65: ELEMENTWEIGHT | V65: POST
C66: POST | D66: POST | E66: Element Weight Table | H66: POST | I66: TABLE | L66: /POST/TABLE | M66: ELEMENTWEIGHT | V66: POST
C67: POST | D67: POST | E67: Nodal Body Force Table | H67: POST | I67: TABLE | L67: /POST/TABLE | M67: NODALBODYFORCE | V67: POST
C68: POST | D68: POST | E68: Mass Summary Table | H68: POST | I68: TABLE | L68: /POST/TABLE | M68: MASS_SUMMARY_X | V68: POST
C69: POST | D69: POST | E69: Load Summary Table | H69: POST | I69: TABLE | L69: /POST/TABLE | M69: LOAD_SUMMARY_X | V69: POST
C70: POST | D70: POST | E70: Material Table | H70: POST | I70: TABLE | L70: /POST/TABLE | M70: MATERIAL | V70: POST
C71: POST | D71: POST | E71: Section Table | H71: POST | I71: TABLE | L71: /POST/TABLE | M71: SECTIONALL | V71: POST
C72: POST | D72: POST | E72: Restraint Supports Table | H72: POST | I72: TABLE | L72: /POST/TABLE | M72: SUPPORTS | V72: POST
C73: POST | D73: POST | E73: Story Mass Summary | H73: POST | I73: TABLE | L73: /POST/TABLE | M73: STORY_MASS | V73: POST
C74: POST | D74: POST | E74: Reaction - Analysis Result Table | H74: POST | I74: TABLE | L74: /POST/TABLE | M74: REACTIONG | V74: POST
C75: POST | D75: POST | E75: Displacements - Analysis Result Table | H75: POST | I75: TABLE | L75: /POST/TABLE | M75: DISPLACEMENTG | V75: POST
C76: POST | D76: POST | E76: Truss Force - Analysis Result Table | H76: POST | I76: TABLE | L76: /POST/TABLE | M76: TRUSSFORCE | V76: POST
... C181: POST | D181: POST | E181: Cold Formed Design - Cold Formed Steel Member Design Forces | H181: POST | I181: TABLE | L181: /POST/TABLE | M181: COLDFORMEDSTEELMEMBERDESIGNFORCES | V181: POST
C182: POST | D182: POST | E182: Pushover Text - Elastic Link Result | H182: POST | I182: TEXT | L182: /POST/TEXT | V182: POST
C183: CONFIG | D183: CONFIG | E183: Project Configuration | H183: CONFIG | I183: PROJECT | L183: /CONFIG/PROJECT | V183: GET
C184: CONFIG | D184: CONFIG | E184: API Version Information | H184: CONFIG | I184: VER | L184: /CONFIG/VER | V184: GET
C185: Description | D185: Description | E185: Main Control Data | H185: INFO | I185: DB | J185: ACTL | L185: /INFO/DB/ACTL | V185: GET
C186: Description | D186: Description | H186: INFO | I186: DB | J186: ARPR | L186: /INFO/DB/ARPR | V186: GET
C187: Description | D187: Description | E187: Boundary Change Assignment | H187: INFO | I187: DB | J187: BCCT | L187: /INFO/DB/BCCT | V187: GET
C188: Description | D188: Description | E188: Beam Loads | H188: INFO | I188: DB | J188: BMLD | L188: /INFO/DB/BMLD | V188: GET
C189: Description | D189: Description | E189: Boundary Group | H189: INFO | I189: DB | J189: BNGR | L189: /INFO/DB/BNGR | V189: GET
C190: Description | D190: Description | E190: Self-Weight | H190: INFO | I190: DB | J190: BODF | L190: /INFO/DB/BODF | V190: GET
C191: Description | D191: Description | E191: Beam Section Temperature | H191: INFO | I191: DB | J191: BTMP | L191: /INFO/DB/BTMP | V191: GET
C192: Description | D192: Description | E192: Buckling Analysis Control | H192: INFO | I192: DB | J192: BUCK | L192: /INFO/DB/BUCK | V192: GET
C193: Description | D193: Description | E193: FCM Camber Control | H193: INFO | I193: DB | J193: CAMB | L193: /INFO/DB/CAMB | V193: GET
C194: Description | D194: Description | E194: Convection Coefficient Functions | H194: INFO | I194: DB | J194: CCFC | L194: /INFO/DB/CCFC | V194: GET
C195: Description | D195: Description | E195: Change General Link Property | H195: INFO | I195: DB | J195: CGLP | L195: /INFO/DB/CGLP | V195: GET
C196: Description | D196: Description | E196: Concurrent Joint Force Group | H196: INFO | I196: DB | J196: CJFG | L196: /INFO/DB/CJFG | V196: GET
C197: Description | D197: Description | E197: Define Constraints Label Direction | H197: INFO | I197: DB | J197: CLDR | L197: /INFO/DB/CLDR | V197: GET
C198: Description | D198: Description | E198: Plate Cutting Line Diagram | H198: INFO | I198: DB | J198: CLWP | L198: /INFO/DB/CLWP | V198: GET
C199: Description | D199: Description | E199: Camber for Construction Stage | H199: INFO | I199: DB | J199: CMCS | L199: /INFO/DB/CMCS | V199: GET
C200: Description | D200: Description | H200: INFO | I200: DB | J200: CMFT | L200: /INFO/DB/CMFT | V200: GET
C201: Description | D201: Description | E201: Nodal Loads | H201: INFO | I201: DB | J201: CNLD | L201: /INFO/DB/CNLD | V201: GET
C202: Description | D202: Description | E202: Constraint Support | H202: INFO | I202: DB | J202: CONS | L202: /INFO/DB/CONS | V202: GET
C203: Description | D203: Description | E203: Floor Load Color | H203: INFO | I203: DB | J203: CO_F | L203: /INFO/DB/CO_F | V203: GET
C204: Description | D204: Description | E204: Material Color | H204: INFO | I204: DB | J204: CO_M | L204: /INFO/DB/CO_M | V204: GET
C205: Description | D205: Description | E205: Section Color | H205: INFO | I205: DB | J205: CO_S | L205: /INFO/DB/CO_S | V205: GET
C206: Description | D206: Description | E206: Thickness Color | H206: INFO | I206: DB | J206: CO_T | L206: /INFO/DB/CO_T | V206: GET
...

Sheet Sheet1

Sheet PARAMETER 공통
B3: 항목 | C3: 등장 횟수 | D3: 엔드포인트 | E3: 비고
B4: Unbraced Length (L, Lb) | C4: 6 | D4: LENG | E4: 기존
B5: Effective Length Factor (K) | C5: 6 | D5: KFAC
B6: Equivalent Moment Correction Factor(Cm) | C6: 6 | D6: CMFT
B7: Moment Magnifier(B1/Delta_b, B2/Delta_s) | C7: 6 | D7: FMAG
B8: Modify Live Load Reduction Factor | C8: 6 | D8: MLLR
B9: Scale up Factor for Earthquake | C9: 6 | D9: SUEQ
B10: Modify Member Type | C10: 6 | D10: MBTP | E10: 기존
B11: Seismic Load Combination Type | C11: 6 | D11: EQCT
B14: 항목 | C14: 등장 횟수
B15: Definition of Frame | C15: 3 | D15: DCTL | E15: 기존
B16: Live Load Reduction Factor | C16: 3 | D16: LLRF
B17: Short/Long term Load Case | C17: 3 | D17: SLTC
B18: Load Contribution for Nonlinear Load Case | C18: 3 | D18: LCTB
B19: Member Assignment | C19: 3 | D19: MEMB | E19: 기존
B20: Reverse Member Load Direction | C20: 3 | D20: RMLD
B21: Undergroung Load Combination Type | C21: 3 | D21: ULCT
B22: Serviceability Load Combination Type | C22: 3 | D22: SLCT
B23: Limiting Slenderness Ratio | C23: 3 | D23: LTSR | E23: 기존
B25: 항목 | C25: 등장 횟수
B26: Haunched Beam Assignment | C26: 2 | D26: HCBM
B27: Strength Reduction Factors | C27: 2 | D27: SRDF
B28: Serviceability Parameters | C28: 2 (오타 포함) | D28: SERV
B29: Bending Coefficient(Cb) | C29: 2 | D29: CBFT
B30: Shear Coefficient(Cv) | C30: 2 | D30: SCOEF
B31: Specify Allowable Stresses | C31: 2 | D31: SPAS
B32: Seismic Load Resisting System by Member | C32: 2 | D32: SLRS
B33: Longitudinal Stiffener of Box Section | C33: 2 | D33: LSTIFB
B34: Combined Ratio Calculation Method for Circular Section | C34: 2 | D34: CRCMC
B35: Earthquake-Resistant Grade | C35: 2 | D35: EQRG
B36: Seismic Design Type | C36: 2 | D36: EQDT
B37: Moment Redistribution Factor | C37: 2 | D37: MRFAC
B38: Torsion Reduction Factor | C38: 2 | D38: TRFAC
B39: Uncertainty Load Combination Factor | C39: 2 | D39: ULCFAC
B40: Modify Member Strut Angle | C40: 2 | D40: MMSA
... B55: Boundary Element Method by Wall ID | C55: 2 | D55: BEMW

Sheet 입력 가이드
A1: 입력 가능한 값 참조 가이드
A3: 필드 | B3: 입력 가능한 값 | C3: 설명
A4: Plan | B4: (빈 값) | C4: 시작 안함
B5: progress | C5: 작업 중
B6: done | C6: 완료
B7: warning | C7: 경고/문제
A9: Dev | B9: (빈 값) | C9: 시작 안함
B10: progress | C10: 작업 중
B11: done | C11: 완료
B12: warning | C12: 경고/문제
A14: V&V | B14: (빈 값) | C14: 시작 안함
B15: progress | C15: 작업 중
B16: done | C16: 완료
B17: warning | C17: 경고/문제
A19: doc | B19: (빈 값) | C19: 시작 안함
B20: progress | C20: 작업 중
B21: done | C21: 완료
B22: warning | C22: 경고/문제
A24: Deploy | B24: (빈 값) | C24: 시작 안함
B25: progress | C25: 작업 중
B26: done | C26: 완료
B27: warning | C27: 경고/문제
A29: Issue | B29: (빈 값) | C29: 시작 안함
B30: progress | C30: 작업 중
B31: done | C31: 완료
B32: warning | C32: 경고/문제
A34: status | B34: progress | C34: 진행 중
B35: done | C35: 완료
B36: cancel | C36: 취소
B37: working | C37: 작업 중
B38: none | C38: 없음
A40: ※ 참고사항
A41: - 대소문자 구분 없이 입력 가능합니다 (예: Done, done, DONE 모두 동일)
A42: - status를 "done"으로 설정하면 모든 단계가 자동으로 "done"이 됩니다
A43: - 개별 단계를 수정하면 status는 자동으로 "progress"로 변경됩니다

Sheet 기존 end point
A1: endpoint
A2: /CONFIG/PROJECT | B2: =_xlfn.TEXTAFTER(A2,"/",-1)
A3: /CONFIG/VER | B3: =_xlfn.TEXTAFTER(A3,"/",-1)
A4: /DB/ACTL | B4: =_xlfn.TEXTAFTER(A4,"/",-1)
A5: /DB/ARPR | B5: =_xlfn.TEXTAFTER(A5,"/",-1)
A6: /DB/BCCT | B6: =_xlfn.TEXTAFTER(A6,"/",-1)
A7: /DB/BMLD | B7: =_xlfn.TEXTAFTER(A7,"/",-1)
A8: /DB/BNGR | B8: =_xlfn.TEXTAFTER(A8,"/",-1)
A9: /DB/BODF | B9: =_xlfn.TEXTAFTER(A9,"/",-1)
A10: /DB/BTMP | B10: =_xlfn.TEXTAFTER(A10,"/",-1)
A11: /DB/BUCK | B11: =_xlfn.TEXTAFTER(A11,"/",-1)
A12: /DB/CAMB | B12: =_xlfn.TEXTAFTER(A12,"/",-1)
A13: /DB/CCFC | B13: =_xlfn.TEXTAFTER(A13,"/",-1)
... A286: /VIEW/SELECT | B286: =_xlfn.TEXTAFTER(A286,"/",-1)
